<?xml version="1.0" encoding="UTF-8"?>
<feature
      id="org.eclipse.datatools.connectivity.oda.designer.core.feature"
      label="%featureName"
      version="1.12.0.v201406061321-787B7PBgJ9DUBNCVAaSZ"
      provider-name="%providerName"
      plugin="org.eclipse.datatools.connectivity.oda.design.ui"
      image="eclipse_update_120.jpg">

   <description>
      %description
   </description>

   <copyright>
      %featureCopyright
   </copyright>

   <license url="%licenseURL">
      %license
   </license>

   <url>
      <update label="%updateSiteName" url="http://download.eclipse.org/datatools/updates/1.12"/>
      <discovery label="%updateSiteName" url="http://download.eclipse.org/datatools/updates/1.12"/>
   </url>

   <requires>
      <import feature="org.eclipse.emf" version="2.4.0" match="greaterOrEqual"/>
      <import feature="org.eclipse.datatools.connectivity.oda.feature" version="1.12.0" match="greaterOrEqual"/>
      <import feature="org.eclipse.datatools.doc.user" version="1.7.0" match="greaterOrEqual"/>
      <import feature="org.eclipse.datatools.modelbase.feature" version="1.12.0" match="greaterOrEqual"/>
   </requires>

   <plugin
         id="org.eclipse.datatools.connectivity.oda.design.ui"
         download-size="0"
         install-size="0"
         version="3.2.9.v201403131814"
         unpack="false"/>

   <plugin
         id="org.eclipse.datatools.connectivity.ui.dse"
         download-size="0"
         install-size="0"
         version="1.1.5.v201212070447"
         unpack="false"/>

   <plugin
         id="org.eclipse.datatools.connectivity.ui"
         download-size="0"
         install-size="0"
         version="1.2.4.v201212070447"
         unpack="false"/>

   <plugin
         id="org.eclipse.datatools.connectivity.sqm.core"
         download-size="0"
         install-size="0"
         version="1.2.8.v201401230755"
         unpack="false"/>

   <plugin
         id="org.eclipse.datatools.help"
         download-size="0"
         install-size="0"
         version="1.5.0.v200906020553"
         unpack="false"/>

</feature>
