<?xml version="1.0" encoding="UTF-8"?>
<feature id="org.eclipse.datatools.sqldevtools.results.feature.source" version="1.12.0.v201406061321-427H9oB58F6A8I5KGJ" label="%featureName" provider-name="%providerName" image="eclipse_update_120.jpg"    >
	<description >
		%description
	</description>
	<copyright >
		%featureCopyright
	</copyright>
	<license url="%licenseURL">
		%license
	</license>
	<url>
		<update url="http://download.eclipse.org/datatools/updates/1.12" label="%updateSiteName"/>
		<discovery url="http://download.eclipse.org/datatools/updates/1.12" label="%updateSiteName"/>
	</url>
	<plugin id="org.eclipse.datatools.sqltools.common.ui.source" version="1.0.1.v201212120623"     unpack="false"/>
	<plugin id="org.eclipse.datatools.sqltools.result.source" version="1.1.6.v201402080246"     unpack="false"/>
	<plugin id="org.eclipse.datatools.connectivity.source" version="1.2.11.v201401230755"     unpack="false"/>
</feature>
