<?xml version="1.0" encoding="UTF-8"?>
<feature id="org.eclipse.datatools.enablement.sybase.feature.source" version="1.12.0.v201406061321-7E478F9NiNc2S7fxRCTD" label="%featureName" provider-name="%providerName" image="eclipse_update_120.jpg"    >
	<description >
		%description
	</description>
	<copyright >
		%featureCopyright
	</copyright>
	<license url="%licenseURL">
		%license
	</license>
	<url>
		<update url="http://download.eclipse.org/datatools/updates/1.12" label="%updateSiteName"/>
		<discovery url="http://download.eclipse.org/datatools/updates/1.12" label="%updateSiteName"/>
	</url>
	<plugin id="org.eclipse.datatools.enablement.sybase.asa.models.source" version="1.0.0.v201107221507"     unpack="false"/>
	<plugin id="org.eclipse.datatools.enablement.sybase.ase.models.source" version="1.0.1.v201010140307"     unpack="false"/>
	<plugin id="org.eclipse.datatools.enablement.sybase.asa.source" version="1.0.2.v201212120618"     unpack="false"/>
	<plugin id="org.eclipse.datatools.enablement.sybase.ase.source" version="1.0.3.v201212120618"     unpack="false"/>
	<plugin id="org.eclipse.datatools.enablement.sybase.ase.dbdefinition.source" version="1.0.0.v201107221507"     unpack="false"/>
	<plugin id="org.eclipse.datatools.enablement.sybase.asa.dbdefinition.source" version="1.0.0.v200906161800"     unpack="false"/>
	<plugin id="org.eclipse.datatools.enablement.sybase.asa.ui.source" version="1.0.1.v200906111204"     unpack="false"/>
	<plugin id="org.eclipse.datatools.enablement.sybase.ase.ui.source" version="1.0.1.v200906020900"     unpack="false"/>
	<plugin id="org.eclipse.datatools.enablement.sybase.source" version="1.0.1.v201107221507"     unpack="false"/>
	<plugin id="org.eclipse.datatools.enablement.sybase.models.source" version="1.0.0.v201010140307"     unpack="false"/>
	<plugin id="org.eclipse.datatools.enablement.sybase.ui.source" version="1.0.0.v200906090452"     unpack="false"/>
	<plugin id="org.eclipse.datatools.enablement.sybase.asa.schemaobjecteditor.examples.source" version="2.5.0.200810071"     unpack="false"/>
</feature>
