<?xml version="1.0" encoding="UTF-8"?>
<feature
      id="org.eclipse.datatools.intro"
      label="%featureName"
      version="1.12.0.v201405281819-26-7w312116392911"
      provider-name="%providerName"
      plugin="org.eclipse.datatools.intro"
      image="eclipse32.png">

   <description>
      %description
   </description>

   <copyright>
      %copyright
   </copyright>

   <license url="%licenseURL">
      %license
   </license>

   <url>
      <update label="%updateSiteName" url="http://download.eclipse.org/datatools/updates/1.12"/>
      <discovery label="%updateSiteName" url="http://download.eclipse.org/datatools/updates/1.12"/>
   </url>

   <plugin
         id="org.eclipse.datatools.intro"
         download-size="0"
         install-size="0"
         version="1.7.0.v201005281800"
         unpack="false"/>

</feature>
