<?xml version="1.0" encoding="UTF-8"?>
<feature id="org.eclipse.datatools.modelbase.feature.source" version="1.12.0.v201406061321-7707GCcNBHLDaKTEcRi" label="%featureName" provider-name="%providerName" image="eclipse_update_120.jpg"    >
	<description >
		%description
	</description>
	<copyright >
		%featureCopyright
	</copyright>
	<license url="%licenseURL">
		%license
	</license>
	<url>
		<update url="http://download.eclipse.org/datatools/updates/1.12" label="%updateSiteName"/>
		<discovery url="http://download.eclipse.org/datatools/updates/1.12" label="%updateSiteName"/>
	</url>
	<plugin id="org.eclipse.datatools.modelbase.dbdefinition.source" version="1.0.2.v201107221519"     unpack="false"/>
	<plugin id="org.eclipse.datatools.modelbase.sql.edit.source" version="1.0.2.v201208230744"     unpack="false"/>
	<plugin id="org.eclipse.datatools.modelbase.sql.query.source" version="1.1.4.v201212120619"     unpack="false"/>
	<plugin id="org.eclipse.datatools.modelbase.sql.query.edit.source" version="1.0.1.v201110151245"     unpack="false"/>
	<plugin id="org.eclipse.datatools.modelbase.sql.xml.query.source" version="1.0.2.v201201131123"     unpack="false"/>
	<plugin id="org.eclipse.datatools.modelbase.sql.source" version="1.0.6.v201208230744"     unpack="false"/>
</feature>
