<?xml version="1.0" encoding="UTF-8"?>
<feature id="org.eclipse.datatools.enablement.oda.designer.feature.source" version="1.12.0.v201406061321-647L9oB58H5E8E8TBK" label="%featureName" provider-name="%providerName" image="eclipse_update_120.jpg"    >
	<description >
		%description
	</description>
	<copyright >
		%featureCopyright
	</copyright>
	<license url="%licenseURL">
		%license
	</license>
	<url>
		<update url="http://download.eclipse.org/datatools/updates/1.12" label="%updateSiteName"/>
		<discovery url="http://download.eclipse.org/datatools/updates/1.12" label="%updateSiteName"/>
	</url>
	<plugin id="org.eclipse.datatools.enablement.oda.ws.ui.source" version="1.2.6.v201403131825"     unpack="false"/>
	<plugin id="org.eclipse.datatools.enablement.oda.xml.ui.source" version="1.2.7.v201403131825"     unpack="false"/>
	<plugin id="org.eclipse.datatools.connectivity.oda.flatfile.ui.source" version="3.1.9.v201403131825"     unpack="false"/>
</feature>
