<?xml version="1.0" encoding="UTF-8"?>
<feature id="org.eclipse.datatools.connectivity.oda.feature.source" version="1.12.0.v201406061321-7E7C7YBgJ9ET9OHLDfLZ" label="%featureName" provider-name="%providerName" image="eclipse_update_120.jpg"    >
	<description >
		%description
	</description>
	<copyright >
		%featureCopyright
	</copyright>
	<license url="%licenseURL">
		%license
	</license>
	<url>
		<update url="http://download.eclipse.org/datatools/updates/1.12" label="%updateSiteName"/>
		<discovery url="http://download.eclipse.org/datatools/updates/1.12" label="%updateSiteName"/>
	</url>
	<plugin id="org.eclipse.datatools.connectivity.oda.consumer.source" version="3.2.6.v201403131814"     unpack="false"/>
	<plugin id="org.eclipse.datatools.connectivity.oda.design.source" version="3.3.6.v201403131814"     unpack="false"/>
	<plugin id="org.eclipse.datatools.connectivity.oda.profile.source" version="3.2.9.v201403131814"     unpack="false"/>
	<plugin id="org.eclipse.datatools.connectivity.oda.source" version="3.4.3.v201405301249"     unpack="false"/>
	<plugin id="org.eclipse.datatools.connectivity.source" version="1.2.11.v201401230755"     unpack="false"/>
</feature>
