<?xml version="1.0" encoding="UTF-8"?>
<feature id="org.eclipse.datatools.sqldevtools.feature.source" version="1.12.0.v201406061321-7N8P7IFDri6qjCyg6Q61VhVsihvO" label="%featureName" provider-name="%providerName" image="eclipse_update_120.jpg"    >
	<description >
		%description
	</description>
	<copyright >
		%featureCopyright
	</copyright>
	<license url="%licenseURL">
		%license
	</license>
	<url>
		<update url="http://download.eclipse.org/datatools/updates/1.12" label="%updateSiteName"/>
		<discovery url="http://download.eclipse.org/datatools/updates/1.12" label="%updateSiteName"/>
	</url>
	<plugin id="org.eclipse.datatools.sqltools.common.ui.source" version="1.0.1.v201212120623"     unpack="false"/>
	<plugin id="org.eclipse.datatools.sqltools.debugger.core.source" version="1.0.1.v201107221520"     unpack="false"/>
	<plugin id="org.eclipse.datatools.sqltools.editor.core.source" version="1.0.3.v201212120623"     unpack="false"/>
	<plugin id="org.eclipse.datatools.sqltools.plan.source" version="1.0.0.v201107221520"     unpack="false"/>
	<plugin id="org.eclipse.datatools.sqltools.routineeditor.source" version="1.0.0.v201107221520"     unpack="false"/>
	<plugin id="org.eclipse.datatools.sqltools.sql.source" version="1.0.1.v201110050515"     unpack="false"/>
	<plugin id="org.eclipse.datatools.sqltools.sqleditor.source" version="1.0.4.v201212120623"     unpack="false"/>
	<plugin id="org.eclipse.datatools.sqltools.sqlscrapbook.source" version="1.0.2.v201205310922"     unpack="false"/>
	<plugin id="org.eclipse.datatools.help.source" version="1.5.0.v200906020553"     unpack="false"/>
	<plugin id="org.eclipse.datatools.sqltools.db.generic.source" version="1.0.0.v201107221520"     unpack="false"/>
	<plugin id="org.eclipse.datatools.sqltools.debugger.core.ui.source" version="1.0.0.v201003161000"     unpack="false"/>
	<plugin id="org.eclipse.datatools.sqltools.editor.core.ui.source" version="1.0.0.v201001150815"     unpack="false"/>
	<plugin id="org.eclipse.datatools.sqltools.result.ui.source" version="1.1.3.v201302061703"     unpack="false"/>
	<plugin id="org.eclipse.datatools.sqltools.routineeditor.ui.source" version="1.0.3.v201211200616"     unpack="false"/>
	<plugin id="org.eclipse.datatools.sqltools.sql.ui.source" version="1.0.1.v201201270735"     unpack="false"/>
</feature>
