<?xml version="1.0" encoding="UTF-8"?>
<feature id="org.eclipse.datatools.enablement.postgresql.feature.source" version="1.12.0.v201406061321-553AkF7AK8PCRBQBP" label="%featureName" provider-name="%providerName" image="eclipse_update_120.jpg"    >
	<description >
		%description
	</description>
	<copyright >
		%featureCopyright
	</copyright>
	<license url="%licenseURL">
		%license
	</license>
	<url>
		<update url="http://download.eclipse.org/datatools/updates/1.12" label="%updateSiteName"/>
		<discovery url="http://download.eclipse.org/datatools/updates/1.12" label="%updateSiteName"/>
	</url>
	<plugin id="org.eclipse.datatools.enablement.postgresql.dbdefinition.source" version="1.0.2.v201110070445"     unpack="false"/>
	<plugin id="org.eclipse.datatools.enablement.postgresql.source" version="1.1.1.v201205252207"     unpack="false"/>
	<plugin id="org.eclipse.datatools.enablement.postgresql.ui.source" version="1.0.0.v201107221506"     unpack="false"/>
	<plugin id="org.eclipse.datatools.enablement.finfo.source" version="1.5.1.v200906161800"     unpack="false"/>
</feature>
