<?xml version="1.0" encoding="UTF-8"?>
<feature
      id="org.eclipse.datatools.enablement.oda.feature"
      label="%featureName"
      version="1.12.0.v201406061321-7D7U7OEVVFNSGfJoIz0Of"
      provider-name="%providerName"
      plugin="org.eclipse.datatools.enablement.oda.xml"
      image="eclipse_update_120.jpg">

   <description>
      %description
   </description>

   <copyright>
      %featureCopyright
   </copyright>

   <license url="%licenseURL">
      %license
   </license>

   <url>
      <update label="%updateSiteName" url="http://download.eclipse.org/datatools/updates/1.12"/>
      <discovery label="%updateSiteName" url="http://download.eclipse.org/datatools/updates/1.12"/>
   </url>

   <requires>
      <import feature="org.eclipse.datatools.connectivity.oda.feature" version="1.12.0" match="greaterOrEqual"/>
   </requires>

   <plugin
         id="org.apache.xerces"
         download-size="0"
         install-size="0"
         version="2.9.0.v201101211617"
         unpack="false"/>

   <plugin
         id="org.apache.xml.resolver"
         download-size="0"
         install-size="0"
         version="1.2.0.v201005080400"
         unpack="false"/>

   <plugin
         id="org.apache.xml.serializer"
         download-size="0"
         install-size="0"
         version="2.7.1.v201005080400"
         unpack="false"/>

   <plugin
         id="org.eclipse.datatools.enablement.oda.ws"
         download-size="0"
         install-size="0"
         version="1.2.6.v201403131825"
         unpack="false"/>

   <plugin
         id="org.eclipse.datatools.enablement.oda.xml"
         download-size="0"
         install-size="0"
         version="1.2.5.v201403131825"
         unpack="false"/>

   <plugin
         id="javax.xml"
         download-size="0"
         install-size="0"
         version="1.3.4.v201005080400"
         unpack="false"/>

   <plugin
         id="javax.wsdl"
         download-size="0"
         install-size="0"
         version="1.5.1.v201012040544"
         unpack="false"/>

   <plugin
         id="org.eclipse.datatools.connectivity.oda.flatfile"
         download-size="0"
         install-size="0"
         version="3.1.8.v201403010906"
         unpack="false"/>

</feature>
