<?xml version="1.0" encoding="UTF-8"?>
<feature id="org.eclipse.datatools.connectivity.oda.designer.feature.source" version="1.12.0.v201406061321-4147w312514242925" label="%featureName" provider-name="%providerName" image="eclipse_update_120.jpg"    >
	<description >
		%description
	</description>
	<copyright >
		%featureCopyright
	</copyright>
	<license url="%licenseURL">
		%license
	</license>
	<url>
		<update url="http://download.eclipse.org/datatools/updates/1.12" label="%updateSiteName"/>
		<discovery url="http://download.eclipse.org/datatools/updates/1.12" label="%updateSiteName"/>
	</url>
	<plugin id="org.eclipse.datatools.connectivity.oda.template.ui.source" version="3.2.5.v201403131814"     unpack="false"/>
</feature>
