<?xml version="1.0" encoding="UTF-8" standalone="no"?><Database Header="com.mesalabs1.xml.database">
	<!--Database contains all USER and AIRCRAFT information.--><Data>
		
		
	<Entry1 Aircraft="bixler" Date="31081996;042000" Notes="f_Enter your notes here. " Pilot="jaboulhosn;myparents"/><Entry2 Aircraft="bixler" Date="31081996;042000" Notes="f_Enter your notes here. " Pilot="jaboulhosn;aanderson"/></Data>
	
	<Users>
		<jaboulhosn LastLogin="18082015;072941" Password="Jad0831" Rank="superadmin"><!--Remotely-generated user. Created by jaboulhosn2 on Sun Jul 05 08:36:44 PDT 2015--></jaboulhosn></Users><Permissions admin="modify" superadmin="create;delete;modify" user=""/>
	</Database>