<?xml version="1.0" encoding="UTF-8"?>
<feature
      id="org.eclipse.datatools.enablement.sdk.feature"
      label="%featureName"
      version="1.12.0.v201406061321-7IAB-FE9JgeWjZZhMd-z0vb1ifD4"
      provider-name="%providerName"
      plugin="org.eclipse.datatools.enablement.finfo"
      image="eclipse_update_120.jpg">

   <description>
      %description
   </description>

   <copyright>
      %featureCopyright
   </copyright>

   <license url="%licenseURL">
      %license
   </license>

   <url>
      <update label="%updateSiteName" url="http://download.eclipse.org/datatools/updates/1.12"/>
      <discovery label="%updateSiteName" url="http://download.eclipse.org/datatools/updates/1.12"/>
   </url>

   <includes
         id="org.eclipse.datatools.enablement.feature"
         version="1.12.0.v201406061321-7J9t0B_0haN-EchrvGIyEh2M8j8a"/>

   <includes
         id="org.eclipse.datatools.enablement.feature.source"
         version="1.12.0.v201406061321-7J9t0B_0haN-EchrvGIyEh2M8j8a"/>

   <includes
         id="org.eclipse.datatools.enablement.apache.derby.feature.source"
         version="1.12.0.v201406061321-777B8gBmKFQ3NjRaMjbx8GDI"/>

   <includes
         id="org.eclipse.datatools.enablement.hsqldb.feature.source"
         version="1.12.0.v201406061321-67G0AqGDM7KfNWJjJS8GDI"/>

   <includes
         id="org.eclipse.datatools.enablement.ibm.feature.source"
         version="1.12.0.v201406061321-7G-7cFD3wThz-VTq2cpq3"/>

   <includes
         id="org.eclipse.datatools.enablement.jdbc.feature.source"
         version="1.12.0.v201406061321-4-49oB58B7DAF7FCH"/>

   <includes
         id="org.eclipse.datatools.enablement.jdt.feature.source"
         version="1.12.0.v201406061321-2-07w312218332612"/>

   <includes
         id="org.eclipse.datatools.enablement.msft.feature.source"
         version="1.12.0.v201406061321-5478AkF7AO7UBQAK8M"/>

   <includes
         id="org.eclipse.datatools.enablement.mysql.feature.source"
         version="1.12.0.v201406061321-5478AkF7AK8X9JCREG"/>

   <includes
         id="org.eclipse.datatools.enablement.oda.designer.feature.source"
         version="1.12.0.v201406061321-647L9oB58H5E8E8TBK"/>

   <includes
         id="org.eclipse.datatools.enablement.oda.feature.source"
         version="1.12.0.v201406061321-7D7U7OEVVFNSGfJoIz0Of"/>

   <includes
         id="org.eclipse.datatools.enablement.oracle.feature.source"
         version="1.12.0.v201406061321-548fAkF7AL7RBJANAI"/>

   <includes
         id="org.eclipse.datatools.enablement.postgresql.feature.source"
         version="1.12.0.v201406061321-553AkF7AK8PCRBQBP"/>

   <includes
         id="org.eclipse.datatools.enablement.sap.feature.source"
         version="1.12.0.v201406061321-540AkF7AJ7YEJBU7S"/>

   <includes
         id="org.eclipse.datatools.enablement.sybase.feature.source"
         version="1.12.0.v201406061321-7E478F9NiNc2S7fxRCTD"/>

   <includes
         id="org.eclipse.datatools.enablement.sqlite.feature.source"
         version="1.12.0.v201406061321-542AkF7AJ7SAKAPBF"/>

   <includes
         id="org.eclipse.datatools.enablement.ingres.feature.source"
         version="1.12.0.v201406061321-540AkF78Z7UCRAQDB"/>

</feature>
