<?xml version="1.0" encoding="UTF-8"?>
<feature
      id="org.eclipse.datatools.enablement.sqlite.feature"
      label="%FEATURE_NAME"
      version="1.12.0.v201406061321-542AkF7AJ7SAKAPBF"
      provider-name="%PROVIDER_NAME"
      plugin="org.eclipse.datatools.enablement.finfo">

   <description>
      %DESCRIPTION
   </description>

   <copyright>
      %featureCopyright
   </copyright>

   <license url="%LICENSE_URL">
      %license
   </license>

   <url>
      <update label="%updateSiteName" url="http://download.eclipse.org/datatools/updates/1.12"/>
      <discovery label="%updateSiteName" url="http://download.eclipse.org/datatools/updates/1.12"/>
   </url>

   <requires>
      <import feature="org.eclipse.datatools.modelbase.feature" version="1.12.0" match="greaterOrEqual"/>
      <import feature="org.eclipse.datatools.connectivity.feature" version="1.12.0" match="greaterOrEqual"/>
      <import feature="org.eclipse.datatools.sqldevtools.feature" version="1.12.0" match="greaterOrEqual"/>
      <import feature="org.eclipse.datatools.enablement.jdbc.feature" version="1.12.0" match="greaterOrEqual"/>
   </requires>

   <plugin
         id="org.eclipse.datatools.enablement.sqlite"
         download-size="0"
         install-size="0"
         version="1.0.0.v201002041100"
         unpack="false"/>

   <plugin
         id="org.eclipse.datatools.enablement.sqlite.dbdefinition"
         download-size="0"
         install-size="0"
         version="1.0.2.v201206010441"
         unpack="false"/>

   <plugin
         id="org.eclipse.datatools.enablement.sqlite.ui"
         download-size="0"
         install-size="0"
         version="1.0.0.v201107221507"
         unpack="false"/>

   <plugin
         id="org.eclipse.datatools.enablement.finfo"
         download-size="0"
         install-size="0"
         version="1.5.1.v200906161800"
         unpack="false"/>

</feature>
