<?xml version="1.0" encoding="UTF-8"?>
<feature id="org.eclipse.datatools.enablement.msft.feature.source" version="1.12.0.v201406061321-5478AkF7AO7UBQAK8M" label="%featureName" provider-name="%providerName" image="eclipse_update_120.jpg"    >
	<description >
		%description
	</description>
	<copyright >
		%featureCopyright
	</copyright>
	<license url="%licenseURL">
		%license
	</license>
	<url>
		<update url="http://download.eclipse.org/datatools/updates/1.12" label="%updateSiteName"/>
		<discovery url="http://download.eclipse.org/datatools/updates/1.12" label="%updateSiteName"/>
	</url>
	<plugin id="org.eclipse.datatools.enablement.msft.sqlserver.dbdefinition.source" version="1.0.1.v201201240505"     unpack="false"/>
	<plugin id="org.eclipse.datatools.enablement.msft.sqlserver.source" version="1.0.3.v201308161009"     unpack="false"/>
	<plugin id="org.eclipse.datatools.enablement.msft.sqlserver.ui.source" version="1.0.4.v201308031011"     unpack="false"/>
	<plugin id="org.eclipse.datatools.enablement.finfo.source" version="1.5.1.v200906161800"     unpack="false"/>
</feature>
