<?xml version="1.0" encoding="UTF-8"?>
<feature id="org.eclipse.datatools.enablement.hsqldb.feature.source" version="1.12.0.v201406061321-67G0AqGDM7KfNWJjJS8GDI" label="%featureName" provider-name="%providerName" image="eclipse_update_120.jpg"    >
	<description >
		%description
	</description>
	<copyright >
		%featureCopyright
	</copyright>
	<license url="%licenseURL">
		%license
	</license>
	<url>
		<update url="http://download.eclipse.org/datatools/updates/1.12" label="%updateSiteName"/>
		<discovery url="http://download.eclipse.org/datatools/updates/1.12" label="%updateSiteName"/>
	</url>
	<plugin id="org.eclipse.datatools.enablement.hsqldb.source" version="1.0.0.v201107221502"     unpack="false"/>
	<plugin id="org.eclipse.datatools.enablement.hsqldb.dbdefinition.source" version="1.0.0.v201107221502"     unpack="false"/>
	<plugin id="org.eclipse.datatools.enablement.hsqldb.ui.source" version="1.0.0.v201108120600"     unpack="false"/>
	<plugin id="org.eclipse.datatools.enablement.finfo.source" version="1.5.1.v200906161800"     unpack="false"/>
</feature>
