<?xml version="1.0" encoding="UTF-8"?>
<feature
      id="org.eclipse.datatools.sqldevtools.sqlbuilder.feature"
      label="%featureName"
      version="1.12.0.v201406061321-79-7FEVVFNSI_QiI-Sd"
      provider-name="%providerName"
      image="eclipse_update_120.jpg">

   <description>
      %description
   </description>

   <copyright>
      %featureCopyright
   </copyright>

   <license url="%licenseURL">
      %license
   </license>

   <url>
      <update label="%updateSiteName" url="http://download.eclipse.org/datatools/updates/1.12"/>
      <discovery label="%updateSiteName" url="http://download.eclipse.org/datatools/updates/1.12"/>
   </url>

   <requires>
      <import feature="org.eclipse.emf" version="2.4.0" match="greaterOrEqual"/>
      <import feature="org.eclipse.gef" version="3.4.0" match="greaterOrEqual"/>
      <import feature="org.eclipse.datatools.modelbase.feature" version="1.12.0" match="greaterOrEqual"/>
      <import feature="org.eclipse.datatools.connectivity.feature" version="1.12.0" match="greaterOrEqual"/>
      <import feature="org.eclipse.datatools.doc.user" version="1.7.0" match="greaterOrEqual"/>
      <import feature="org.eclipse.datatools.enablement.jdbc.feature" version="1.12.0" match="greaterOrEqual"/>
      <import feature="org.eclipse.datatools.sqldevtools.results.feature" version="1.12.0" match="greaterOrEqual"/>
      <import feature="org.eclipse.datatools.sqldevtools.parsers.feature" version="1.12.0" match="greaterOrEqual"/>
   </requires>

   <plugin
         id="org.eclipse.datatools.sqltools.sqlbuilder"
         download-size="0"
         install-size="0"
         version="1.0.7.v201401250704"
         unpack="false"/>

   <plugin
         id="org.eclipse.datatools.sqltools.editor.core"
         download-size="0"
         install-size="0"
         version="1.0.3.v201212120623"
         unpack="false"/>

   <plugin
         id="org.eclipse.datatools.sqltools.sql"
         download-size="0"
         install-size="0"
         version="1.0.1.v201110050515"
         unpack="false"/>

   <plugin
         id="org.eclipse.datatools.sqltools.sqleditor"
         download-size="0"
         install-size="0"
         version="1.0.4.v201212120623"
         unpack="false"/>

   <plugin
         id="org.eclipse.datatools.sqltools.plan"
         download-size="0"
         install-size="0"
         version="1.0.0.v201107221520"
         unpack="false"/>

   <plugin
         id="org.eclipse.datatools.sqltools.db.generic"
         download-size="0"
         install-size="0"
         version="1.0.0.v201107221520"
         unpack="false"/>

   <plugin
         id="org.eclipse.datatools.sqltools.editor.core.ui"
         download-size="0"
         install-size="0"
         version="1.0.0.v201001150815"
         unpack="false"/>

   <plugin
         id="org.eclipse.datatools.sqltools.sql.ui"
         download-size="0"
         install-size="0"
         version="1.0.1.v201201270735"
         unpack="false"/>

</feature>
