<?xml version="1.0" encoding="UTF-8"?>
<feature id="org.eclipse.datatools.enablement.ingres.feature.source" version="1.12.0.v201406061321-540AkF78Z7UCRAQDB" label="%FEATURE_NAME" provider-name="%PROVIDER_NAME"     >
	<description >
		%DESCRIPTION
	</description>
	<copyright >
		%featureCopyright
	</copyright>
	<license url="%LICENSE_URL">
		%license
	</license>
	<url>
		<update url="http://download.eclipse.org/datatools/updates/1.12" label="%updateSiteName"/>
		<discovery url="http://download.eclipse.org/datatools/updates/1.12" label="%updateSiteName"/>
	</url>
	<plugin id="org.eclipse.datatools.enablement.ingres.source" version="1.0.0.v200906111150"     unpack="false"/>
	<plugin id="org.eclipse.datatools.enablement.ingres.dbdefinition.source" version="1.0.0.v200906161800"     unpack="false"/>
	<plugin id="org.eclipse.datatools.enablement.ingres.ui.source" version="1.0.0.v201105270214"     unpack="false"/>
	<plugin id="org.eclipse.datatools.enablement.finfo.source" version="1.5.1.v200906161800"     unpack="false"/>
</feature>
