<?xml version="1.0" encoding="UTF-8"?>
<feature id="org.eclipse.datatools.connectivity.feature.source" version="1.12.0.v201406061321-7C7n9DEsxcwtN5odeWrQrgwYHq8" label="%featureName" provider-name="%providerName" image="eclipse_update_120.jpg"    >
	<description >
		%description
	</description>
	<copyright >
		%featureCopyright
	</copyright>
	<license url="%licenseURL">
		%license
	</license>
	<url>
		<update url="http://download.eclipse.org/datatools/updates/1.12" label="%updateSiteName"/>
		<discovery url="http://download.eclipse.org/datatools/updates/1.12" label="%updateSiteName"/>
	</url>
	<plugin id="org.eclipse.datatools.connectivity.sqm.core.ui.source" version="1.2.3.v201212070447"     unpack="false"/>
	<plugin id="org.eclipse.datatools.connectivity.sqm.core.source" version="1.2.8.v201401230755"     unpack="false"/>
	<plugin id="org.eclipse.datatools.connectivity.sqm.server.ui.source" version="1.1.101.v201212070447"     unpack="false"/>
	<plugin id="org.eclipse.datatools.connectivity.ui.dse.source" version="1.1.5.v201212070447"     unpack="false"/>
	<plugin id="org.eclipse.datatools.connectivity.ui.source" version="1.2.4.v201212070447"     unpack="false"/>
	<plugin id="org.eclipse.datatools.connectivity.source" version="1.2.11.v201401230755"     unpack="false"/>
	<plugin id="org.eclipse.datatools.help.source" version="1.5.0.v200906020553"     unpack="false"/>
	<plugin id="org.eclipse.datatools.connectivity.console.profile.source" version="1.0.10.v201109250955"     unpack="false"/>
</feature>
