<?xml version="1.0" encoding="UTF-8"?>
<feature
      id="org.eclipse.datatools.sdk.feature"
      label="%featureName"
      version="1.12.0.v201406061321-7PB21FEpPZQXdcX0z-_yMM0Hfz0w"
      provider-name="%providerName"
      plugin="org.eclipse.datatools.sdk"
      image="eclipse_update_120.jpg">

   <description>
      %description
   </description>

   <copyright>
      %featureCopyright
   </copyright>

   <license url="%licenseURL">
      %license
   </license>

   <url>
      <update label="%updateSiteName" url="http://download.eclipse.org/datatools/updates/1.12"/>
      <discovery label="%updateSiteName" url="http://download.eclipse.org/datatools/updates/1.12"/>
   </url>

   <includes
         id="org.eclipse.datatools.modelbase.feature"
         version="1.12.0.v201406061321-7707GCcNBHLDaKTEcRi"
         optional="true"/>

   <includes
         id="org.eclipse.datatools.connectivity.feature"
         version="1.12.0.v201406061321-7C7n9DEsxcwtN5odeWrQrgwYHq8"
         optional="true"/>

   <includes
         id="org.eclipse.datatools.sqldevtools.feature"
         version="1.12.0.v201406061321-7N8P7IFDri6qjCyg6Q61VhVsihvO"
         optional="true"/>

   <includes
         id="org.eclipse.datatools.modelbase.feature.source"
         version="1.12.0.v201406061321-7707GCcNBHLDaKTEcRi"/>

   <includes
         id="org.eclipse.datatools.intro"
         version="1.12.0.v201405281819-26-7w312116392911"/>

   <includes
         id="org.eclipse.datatools.doc.user"
         version="1.12.0.v201405281819-47C18w95FHAM87EJJD7"/>

   <includes
         id="org.eclipse.datatools.common.doc.user"
         version="1.12.0.v201405281819-26-311A16321A3557"/>

   <includes
         id="org.eclipse.datatools.connectivity.doc.user"
         version="1.12.0.v201405281819-37D-7733L3D753L7BBF"/>

   <includes
         id="org.eclipse.datatools.sqltools.doc.user"
         version="1.12.0.v201405281819-37D-7733L3D753L7BBF"/>

   <includes
         id="org.eclipse.datatools.connectivity.feature.source"
         version="1.12.0.v201406061321-7C7n9DEsxcwtN5odeWrQrgwYHq8"/>

   <includes
         id="org.eclipse.datatools.sqldevtools.feature.source"
         version="1.12.0.v201406061321-7N8P7IFDri6qjCyg6Q61VhVsihvO"/>

   <includes
         id="org.eclipse.datatools.connectivity.oda.designer.feature.source"
         version="1.12.0.v201406061321-4147w312514242925"
         optional="true"/>

   <includes
         id="org.eclipse.datatools.connectivity.oda.designer.core.feature.source"
         version="1.12.0.v201406061321-787B7PBgJ9DUBNCVAaSZ"
         optional="true"/>

   <includes
         id="org.eclipse.datatools.connectivity.oda.feature.source"
         version="1.12.0.v201406061321-7E7C7YBgJ9ET9OHLDfLZ"
         optional="true"/>

   <includes
         id="org.eclipse.datatools.sqldevtools.data.feature.source"
         version="1.12.0.v201406061321-647ABgJ9EKDJDNAdHO"/>

   <includes
         id="org.eclipse.datatools.sqldevtools.ddl.feature.source"
         version="1.12.0.v201406061321-27B-78B08EG8S_IRVNeUiL6au"/>

   <includes
         id="org.eclipse.datatools.sqldevtools.ddlgen.feature.source"
         version="1.12.0.v201406061321-7A-7DF7RZHQUMdThK5_t"/>

   <includes
         id="org.eclipse.datatools.sqldevtools.parsers.feature.source"
         version="1.12.0.v201406061321-623BgJ9EE9ZJRDZLA"/>

   <includes
         id="org.eclipse.datatools.sqldevtools.results.feature.source"
         version="1.12.0.v201406061321-427H9oB58F6A8I5KGJ"/>

   <includes
         id="org.eclipse.datatools.sqldevtools.sqlbuilder.feature.source"
         version="1.12.0.v201406061321-79-7FEVVFNSI_QiI-Sd"/>

   <requires>
      <import feature="org.eclipse.pde" version="3.4.0" match="greaterOrEqual"/>
   </requires>

   <plugin
         id="org.eclipse.datatools.doc.isv"
         download-size="0"
         install-size="0"
         version="1.12.0.v201403111158"
         unpack="false"/>

   <plugin
         id="org.eclipse.datatools.sdk"
         download-size="0"
         install-size="0"
         version="1.7.0.v200906161850"
         unpack="false"/>

   <plugin
         id="org.eclipse.datatools.connectivity.ui.templates"
         download-size="0"
         install-size="0"
         version="1.0.1.v201205240353"
         unpack="false"/>

   <plugin
         id="org.eclipse.datatools.connectivity.ui.templates.source"
         download-size="0"
         install-size="0"
         version="1.0.1.v201205240353"
         unpack="false"/>

</feature>
