<?xml version="1.0" encoding="UTF-8"?>
<feature
      id="org.eclipse.datatools.modelbase.feature"
      label="%featureName"
      version="1.12.0.v201406061321-7707GCcNBHLDaKTEcRi"
      provider-name="%providerName"
      plugin="org.eclipse.datatools.modelbase.sql"
      image="eclipse_update_120.jpg">

   <description>
      %description
   </description>

   <copyright>
      %featureCopyright
   </copyright>

   <license url="%licenseURL">
      %license
   </license>

   <url>
      <update label="%updateSiteName" url="http://download.eclipse.org/datatools/updates/1.12"/>
      <discovery label="%updateSiteName" url="http://download.eclipse.org/datatools/updates/1.12"/>
   </url>

   <requires>
      <import feature="org.eclipse.emf" version="2.4.0" match="greaterOrEqual"/>
   </requires>

   <plugin
         id="org.eclipse.datatools.modelbase.dbdefinition"
         download-size="0"
         install-size="0"
         version="1.0.2.v201107221519"
         unpack="false"/>

   <plugin
         id="org.eclipse.datatools.modelbase.sql.edit"
         download-size="0"
         install-size="0"
         version="1.0.2.v201208230744"
         unpack="false"/>

   <plugin
         id="org.eclipse.datatools.modelbase.sql.query"
         download-size="0"
         install-size="0"
         version="1.1.4.v201212120619"
         unpack="false"/>

   <plugin
         id="org.eclipse.datatools.modelbase.sql.query.edit"
         download-size="0"
         install-size="0"
         version="1.0.1.v201110151245"
         unpack="false"/>

   <plugin
         id="org.eclipse.datatools.modelbase.sql.xml.query"
         download-size="0"
         install-size="0"
         version="1.0.2.v201201131123"
         unpack="false"/>

   <plugin
         id="org.eclipse.datatools.modelbase.sql"
         download-size="0"
         install-size="0"
         version="1.0.6.v201208230744"
         unpack="false"/>

</feature>
