<?xml version="1.0" encoding="UTF-8"?>
<feature id="org.eclipse.datatools.enablement.mysql.feature.source" version="1.12.0.v201406061321-5478AkF7AK8X9JCREG" label="%featureName" provider-name="%providerName" image="eclipse_update_120.jpg"    >
	<description >
		%description
	</description>
	<copyright >
		%featureCopyright
	</copyright>
	<license url="%licenseURL">
		%license
	</license>
	<url>
		<update url="http://download.eclipse.org/datatools/updates/1.12" label="%updateSiteName"/>
		<discovery url="http://download.eclipse.org/datatools/updates/1.12" label="%updateSiteName"/>
	</url>
	<plugin id="org.eclipse.datatools.enablement.mysql.dbdefinition.source" version="1.0.4.v201109022331"     unpack="false"/>
	<plugin id="org.eclipse.datatools.enablement.mysql.source" version="1.0.4.v201212120617"     unpack="false"/>
	<plugin id="org.eclipse.datatools.enablement.mysql.ui.source" version="1.0.0.v201109022331"     unpack="false"/>
	<plugin id="org.eclipse.datatools.enablement.finfo.source" version="1.5.1.v200906161800"     unpack="false"/>
</feature>
