<?xml version="1.0" encoding="UTF-8"?>
<feature id="org.eclipse.datatools.enablement.feature.source" version="1.12.0.v201406061321-7J9t0B_0haN-EchrvGIyEh2M8j8a" label="%featureName" provider-name="%providerName" image="eclipse_update_120.jpg"    >
	<description >
		%description
	</description>
	<copyright >
		%featureCopyright
	</copyright>
	<license url="%licenseURL">
		%license
	</license>
	<url>
		<update url="http://download.eclipse.org/datatools/updates/1.12" label="%updateSiteName"/>
		<discovery url="http://download.eclipse.org/datatools/updates/1.12" label="%updateSiteName"/>
	</url>
	<plugin id="org.eclipse.datatools.enablement.finfo.source" version="1.5.1.v200906161800"     unpack="false"/>
	<plugin id="org.eclipse.datatools.sqltools.db.derby.ui.source" version="1.0.0.v200906020900"     unpack="false"/>
	<plugin id="org.eclipse.datatools.sqltools.db.generic.ui.source" version="1.0.0.v200906020900"     unpack="false"/>
</feature>
