<?xml version="1.0" encoding="UTF-8"?>
<feature id="org.eclipse.datatools.sqldevtools.parsers.feature.source" version="1.12.0.v201406061321-623BgJ9EE9ZJRDZLA" label="%featureName" provider-name="%providerName" image="eclipse_update_120.jpg"    >
	<description >
		%description
	</description>
	<copyright >
		%featureCopyright
	</copyright>
	<license url="%licenseURL">
		%license
	</license>
	<url>
		<update url="http://download.eclipse.org/datatools/updates/1.12" label="%updateSiteName"/>
		<discovery url="http://download.eclipse.org/datatools/updates/1.12" label="%updateSiteName"/>
	</url>
	<plugin id="org.eclipse.datatools.sqltools.parsers.sql.lexer.source" version="1.0.1.v201107221520"     unpack="false"/>
	<plugin id="org.eclipse.datatools.sqltools.parsers.sql.query.source" version="1.2.1.v201201250511"     unpack="false"/>
	<plugin id="org.eclipse.datatools.sqltools.parsers.sql.xml.query.source" version="1.0.0.v201107221520"     unpack="false"/>
	<plugin id="org.eclipse.datatools.sqltools.parsers.sql.source" version="1.0.2.v201107221520"     unpack="false"/>
</feature>
