<?xml version="1.0" encoding="UTF-8"?>
<feature id="org.eclipse.datatools.enablement.sqlite.feature.source" version="1.12.0.v201406061321-542AkF7AJ7SAKAPBF" label="%FEATURE_NAME" provider-name="%PROVIDER_NAME"     >
	<description >
		%DESCRIPTION
	</description>
	<copyright >
		%featureCopyright
	</copyright>
	<license url="%LICENSE_URL">
		%license
	</license>
	<url>
		<update url="http://download.eclipse.org/datatools/updates/1.12" label="%updateSiteName"/>
		<discovery url="http://download.eclipse.org/datatools/updates/1.12" label="%updateSiteName"/>
	</url>
	<plugin id="org.eclipse.datatools.enablement.sqlite.source" version="1.0.0.v201002041100"     unpack="false"/>
	<plugin id="org.eclipse.datatools.enablement.sqlite.dbdefinition.source" version="1.0.2.v201206010441"     unpack="false"/>
	<plugin id="org.eclipse.datatools.enablement.sqlite.ui.source" version="1.0.0.v201107221507"     unpack="false"/>
	<plugin id="org.eclipse.datatools.enablement.finfo.source" version="1.5.1.v200906161800"     unpack="false"/>
</feature>
