<?xml version="1.0" encoding="UTF-8"?>
<feature id="org.eclipse.datatools.sqldevtools.data.feature.source" version="1.12.0.v201406061321-647ABgJ9EKDJDNAdHO" label="%featureName" provider-name="%providerName" image="eclipse_update_120.jpg"    >
	<description >
		%description
	</description>
	<copyright >
		%featureCopyright
	</copyright>
	<license url="%licenseURL">
		%license
	</license>
	<url>
		<update url="http://download.eclipse.org/datatools/updates/1.12" label="%updateSiteName"/>
		<discovery url="http://download.eclipse.org/datatools/updates/1.12" label="%updateSiteName"/>
	</url>
	<plugin id="org.eclipse.datatools.sqltools.data.core.source" version="1.2.3.v201212120623"     unpack="false"/>
	<plugin id="org.eclipse.datatools.sqltools.data.ui.source" version="1.2.2.v201212120623"     unpack="false"/>
	<plugin id="org.eclipse.datatools.sqltools.tabledataeditor.source" version="1.0.2.v201212120623"     unpack="false"/>
	<plugin id="org.eclipse.datatools.sqltools.result.ui.source" version="1.1.3.v201302061703"     unpack="false"/>
	<plugin id="org.eclipse.datatools.sqltools.common.ui.source" version="1.0.1.v201212120623"     unpack="false"/>
</feature>
