<?xml version="1.0" encoding="UTF-8"?>
<feature id="org.eclipse.datatools.enablement.jdbc.feature.source" version="1.12.0.v201406061321-4-49oB58B7DAF7FCH" label="%featureName" provider-name="%providerName" image="eclipse_update_120.jpg"    >
	<description >
		%description
	</description>
	<copyright >
		%featureCopyright
	</copyright>
	<license url="%licenseURL">
		%license
	</license>
	<url>
		<update url="http://download.eclipse.org/datatools/updates/1.12" label="%updateSiteName"/>
		<discovery url="http://download.eclipse.org/datatools/updates/1.12" label="%updateSiteName"/>
	</url>
	<plugin id="org.eclipse.datatools.connectivity.db.generic.source" version="1.0.1.v201107221459"     unpack="false"/>
	<plugin id="org.eclipse.datatools.connectivity.db.generic.ui.source" version="1.0.2.v201211200622"     unpack="false"/>
	<plugin id="org.eclipse.datatools.connectivity.dbdefinition.genericJDBC.source" version="1.0.2.v201310181001"     unpack="false"/>
</feature>
