<?xml version="1.0" encoding="UTF-8"?>
<feature id="org.eclipse.datatools.sqldevtools.ddlgen.feature.source" version="1.12.0.v201406061321-7A-7DF7RZHQUMdThK5_t" label="%featureName" provider-name="%providerName" image="eclipse_update_120.jpg"    >
	<description >
		%description
	</description>
	<copyright >
		%featureCopyright
	</copyright>
	<license url="%licenseURL">
		%license
	</license>
	<url>
		<update url="http://download.eclipse.org/datatools/updates/1.12" label="%updateSiteName"/>
		<discovery url="http://download.eclipse.org/datatools/updates/1.12" label="%updateSiteName"/>
	</url>
	<plugin id="org.eclipse.datatools.sqltools.sql.source" version="1.0.1.v201110050515"     unpack="false"/>
	<plugin id="org.eclipse.datatools.sqltools.common.ui.source" version="1.0.1.v201212120623"     unpack="false"/>
	<plugin id="org.eclipse.datatools.sqltools.plan.source" version="1.0.0.v201107221520"     unpack="false"/>
	<plugin id="org.eclipse.datatools.sqltools.editor.core.source" version="1.0.3.v201212120623"     unpack="false"/>
	<plugin id="org.eclipse.datatools.sqltools.sqleditor.source" version="1.0.4.v201212120623"     unpack="false"/>
	<plugin id="org.eclipse.datatools.sqltools.ddlgen.ui.source" version="1.0.3.v201211200616"     unpack="false"/>
	<plugin id="org.eclipse.datatools.connectivity.db.generic.source" version="1.0.1.v201107221459"     unpack="false"/>
	<plugin id="org.eclipse.datatools.sqltools.editor.core.ui.source" version="1.0.0.v201001150815"     unpack="false"/>
	<plugin id="org.eclipse.datatools.sqltools.sql.ui.source" version="1.0.1.v201201270735"     unpack="false"/>
</feature>
